query,response
What are the requirements for L category of vehicle?,"Unfortunately, there are no specific requirements mentioned for the L category of vehicles in the provided context. The context only discusses requirements for other categories of vehicles, such as M, N, A, AM, R, and RM, but does not provide any information about the L category."
What are the requirements for M category of vehicle?,"The requirements for M category of vehicles are as follows:

Vehicles in category M have specific requirements, including those outlined in paragraphs 2.2.1 and 2.2.2. Additionally, a description of the electric power supply conditions for certain devices is required, as specified in paragraph 3.2.7. The applicant must demonstrate compliance with these requirements when the electrical system of the vehicle is in a constant voltage operating condition, as stated in paragraph 5.27.

Furthermore, one device is mandatory and a second device is optional on motor vehicles of category M, according to paragraph 6.4.2.1. Devices of S1 or S2 categories are mandatory on all categories of vehicles, including M category, as stated in paragraph 6.7.1. Additionally, two S1 or S2 category devices and one S3 or S4 category device are required on all categories of vehicles, including M category, according to paragraph 6.7.2.

In terms of specific dimensions, for M and N category vehicles, there is no special requirement for the distance from the reference axes, as stated in section 6.14.4.1. However, for M and N category vehicles, the distance between the inner edges of the retro-reflectors shall be not less than 600 mm, which may be reduced to 400 mm if the overall width of the vehicle is less than 1,300 mm, as stated in section 6.15.4.1. Finally, for M and N category vehicles, there is no special requirement for the distance between the inner edges of the retro-reflectors in the direction of the reference axes, as stated in section 6.16.4.1.

It is important to note that these requirements may not be exhaustive, as the context only provides a partial view of the regulation."
What are the requirements for N category of vehicle?,"The requirements for N category of vehicles are mentioned in several sections. For vehicles in category N with load surfaces, the requirements are referred to in paragraphs 2.3.1.1. and 2.3.1.2. (as mentioned in paragraph 1.3.2.3.). For vehicles in category N without load surfaces, the requirements are referred to in paragraphs 2.4.1.1., 2.4.1.2., 2.4.2.1., and 2.4.2.2. (as mentioned in paragraph 1.3.2.4.). Additionally, paragraph 3.2.7. requires a description of the electric power supply conditions for certain devices, and paragraph 5.27. requires the applicant to demonstrate compliance with these conditions. Furthermore, transitional provisions applicable to the 03 series of amendments may affect the requirements for N category vehicles (as mentioned in paragraph 12.2.). In specific instances, N category vehicles are subject to the same requirements as M category vehicles, such as the distance in width of the retro-reflector (section 6.14.4.1) and the distance in width of the front retro-reflector (section 6.16.4.1). However, there is no comprehensive outline of requirements for N category vehicles."
What are the requirements for O category of vehicle?,"The requirements for O category of vehicles are as follows:

* Two rear direction-indicator lamps (Categories 2a or 2b) are optional (Paragraph 6.22.5.).
* A maximum of three optional category 5 or one optional category 6 device per side on vehicles of type O, O2, and O3 exceeding 9 m in length (Paragraph 6.22.5.).
* Two optional category S1 or S2 devices may be installed on vehicles in categories O, O2, and O3 (Paragraph 6.7.2.1.).

These requirements are specific to the lighting and light-signalling devices of O category vehicles."
What are the requirements of the Off-road vehicle?,"The requirements of an Off-road vehicle, specifically category N G, include:

* The maximum height of the light may be increased to 1,500 mm (section 6.2.4.2).
* For headlamps exceeding a height of 1,200 mm, the limits for the vertical inclination of the cut-off shall be between -1.5 per cent and -3.5 per cent, and the initial aim shall be set between -2 per cent and -2.5 per cent (section 6.2.6.1.2)."
What does headlamp levelling mean?,"Headlamp levelling refers to the adjustment of the vertical inclination of the headlamp beam to ensure that it remains within the prescribed limits under various static loading conditions, providing optimal illumination of the road ahead while minimizing glare to oncoming traffic. This is achieved through a levelling device that automatically adjusts the inclination of the headlamp beam to compensate for changes in the vehicle's load, ensuring that the beam remains within the allowed range and preventing undue dazzle or discomfort to oncoming drivers and other road-users. The purpose of headlamp levelling is to maintain a safe and comfortable lighting pattern on the road, taking into account the vehicle's load and other factors."
What are the different light sources and explain them?,"There are several types of light sources, each with its own unique characteristics and applications. These include:

1. **Filament light source**: A light source where the element for visible radiation is one or more heated filaments producing thermal radiation.

2. **Gas-discharge light source**: A light source where the element for visible radiation is a discharge arc producing electro-luminescence/fluorescence.

3. **Light-emitting diode (LED) light source**: A light source where the element for visible radiation is one or more solid state junctions producing injection-luminescence/fluorescence.

4. **LED module**: A light source module containing as light sources only LEDs, which may optionally contain one or more holders for approved replaceable light sources.

In addition to these, there are also light sources with different optical configurations, including:

5. **Light source with a reflector optic behind an outer lens**: This type of light source has a reflector optic behind an outer lens, which can be either included or excluded from the apparent surface.

6. **Light source with a reflector optic with an inner lens behind an outer lens**: This type of light source has a reflector optic with an inner lens behind an outer lens, which can also be either included or excluded from the apparent surface.

7. **Light source with a reflector optic with a partial inner lens behind an outer lens**: This type of light source has a reflector optic with a partial inner lens behind an outer lens, which can also be either included or excluded from the apparent surface.

8. **Light guide optic behind an outer lens**: This type of light source has a light guide optic behind an outer lens, which can be either included or excluded from the apparent surface.

9. **Light guide optic or reflector optic behind an outer lens**: This type of light source has either a light guide optic or a reflector optic behind an outer lens, which can be either included or excluded from the apparent surface.

10. **Light source with a reflector optic in combination with an area which is not part of this function, behind an outer lens**: This type of light source has a reflector optic in combination with an area that is not part of the light source function, behind an outer lens, which can be either included or excluded from the apparent surface.

These different light sources are used in various applications, including lamps and light-signalling devices, and are designed to provide specific types of illumination or light signals to other road users."
Is Filament light source and Gas-Discharge light source are different?,"Yes, Filament light source and Gas-Discharge light source are different. A Filament light source is defined as a light source where the element for visible radiation is one or more heated filaments producing thermal radiation. On the other hand, a Gas-Discharge light source is defined as a light source where the element for visible radiation is a discharge arc producing electro-luminescence/fluorescence. These definitions indicate that they are two distinct types of light sources with different operating principles and characteristics."
What is the different regulations mentioned in standard?,"The standard mentions several regulations, including:

1. Regulation No. 48
2. Regulation No. 98 (prior to Supplement 9)
3. Regulation No. 112 (prior to Supplement 8)
4. This Regulation (referring to the current regulation being discussed)
5. The 1958 Agreement

Additionally, the standard also references various series of amendments to these regulations, including:

1. 03 series of amendments
2. 04 series of amendments
3. 05 series of amendments
4. 06 series of amendments"
Explain Contour Marking.,"Contour marking is a type of conspicuity marking that is intended to indicate the horizontal and vertical dimensions (length, width, and height) of a vehicle. It helps to make the vehicle more visible to other road users by highlighting its overall shape and size. There are two types of contour markings: full contour marking and partial contour marking. A full contour marking indicates the outline of the vehicle by a continuous line, while a partial contour marking indicates the horizontal dimension of the vehicle by a continuous line and the vertical dimension by marking the upper corners. In the case of a partial contour marking, each upper corner is described by two lines at 90° to each other, each at least 250 mm in length."
What are the lights placed in front of the vehicle?,"The lights placed in front of the vehicle are:

* Main-beam headlamps
* Dipped-beam headlamps
* Front-fog lamps
* Front direction-indicators
* Front position lamps
* Daytime running lamps
* Cornering lamps
* Adaptive front lighting system (AFS)
* Manoeuvring lamps
* Exterior courtesy lamps
* Front retro-reflector, non-triangular
* Front position lamp
* Adaptive front-lighting systems (AFS)

These lights may have specific requirements and regulations regarding their installation, operation, and performance, as outlined in the provided context."
What are the lights to be placed in Rear of the vehicle?,"The lights to be placed at the rear of the vehicle are:

1. Rear position lamp (Section 6.10)
2. Rear direction-indicator (Section 6.10)
3. Rear retro-reflector, triangular (Section 5.18)
4. Rear retro-reflector, non-triangular (Sections 5.18 and 6.15)
5. Rear fog lamp (Sections 6.10.6 and 6.11)
6. Stop-lamp (Sections 6.10.6 and 6.11.9)
7. Red rearmost side-marker lamp (Section 6.10.6)
8. Rear end-outline marker lamp (Section 6.13)

Note that each of these lights has specific requirements or restrictions, such as orientation, number, arrangement, and position, which can be found in the corresponding sections of the context."
Can a red light be placed in front of the vehicle?,"According to section 5.10.1, a red light cannot be placed in front of a vehicle, with the exception of a red rearmost side-marker lamp. This is because there shall be no direct visibility of the apparent surface of a red lamp if viewed by an observer moving within Zone 1 as specified in Annex 4."
Can a White light placed in the rear of the vehicle?,"A white light cannot be placed in the rear of the vehicle. According to section 5.10.2, there shall be no direct visibility of the apparent surface of a white lamp if viewed by an observer moving within Zone 2 in a transverse plane situated 25 m behind the vehicle, implying that white light should not be visible from the rear of the vehicle. Additionally, section 6.10.6 specifies that the orientation of the rear position lamp is ""Rearwards"", suggesting that the lamp should emit a red light, not white. Furthermore, section 5 states that conspicuity marking should be red or yellow to the rear, and section 6.14 specifies that the rear retro-reflector shall conform to the requirements concerning Class IA or IB retro-reflectors in Regulation No. 3, which likely do not allow white light. Therefore, based on the provided context, a white light placed in the rear of the vehicle is not permitted."
What are the different light colors that can be used in vehicles?,"The different light colors that can be used in vehicles are:

1. White: Used for main-beam headlamps, dipped-beam headlamps, front fog lamps, reversing lamps, front position lamps, rear registration plate lamps, exterior courtesy lamps, manoeuvring lamps, adaptive front-lighting systems (AFS), cornering lamps, and retro-reflectors (if colourless).

2. Selective Yellow: Used for front fog lamps.

3. Amber: Used for direction-indicator lamps, hazard warning signals, parking lamps (if reciprocally incorporated in the side direction-indicator lamps or in the side-marker lamps), and side-marker lamps.

4. Red: Used for stop lamps, rear position lamps, rear fog lamps, rear-end collision alert signals, and rear rearmost side-marker lamps.

5. Yellow: Used for rear fog lamps, rear rearmost side-marker lamps, and conspicuity markings to the side (if not white).

Note that some colors, like blue, are mentioned in the context as boundaries for white or selective yellow, but are not explicitly mentioned as colors used for specific lamps. Additionally, yellowish green, yellowish white, reddish purple, and purple are defined as chromaticity areas but are not explicitly mentioned as colors used for specific lamps."
Explain different types of Lighting mode?,"There are various types of lighting modes, which can be categorized into different groups based on their functions and purposes. Here are some of the main types of lighting modes:

**Headlamp Modes**:

* Main-beam headlamps: high-intensity lamps used for driving at night or in low-light conditions.
* Dipped-beam headlamps: low-intensity lamps used for driving at night or in low-light conditions, designed to illuminate the road ahead without dazzling oncoming traffic.
* Adaptive front lighting system (AFS): a system that adjusts the beam pattern of the headlamps to suit different driving conditions.

**Fog and Special Conditions Modes**:

* Front-fog lamps: lamps used to improve visibility in foggy or misty conditions.
* Rear fog-lamps: lamps used to improve visibility in foggy or misty conditions from the rear of the vehicle.
* Cornering lamps: lamps used to improve visibility when cornering or turning.
* Manoeuvring lamps: lamps used to improve visibility when manoeuvring the vehicle.

**Indicator and Warning Modes**:

* Direction-indicators: lamps used to indicate the direction of travel or intended direction of travel.
* Hazard warning signal: a lamp or lamps that flash to indicate a hazard or warning to other road users.
* Stop-lamps: lamps used to indicate when the vehicle is braking or stopping.

**Position and Presence Modes**:

* Front position lamps: lamps used to indicate the presence and position of the vehicle from the front.
* Rear position lamps: lamps used to indicate the presence and position of the vehicle from the rear.
* Rear registration plate illuminating device: a lamp used to illuminate the rear registration plate.
* End-outline marker lamps: lamps used to indicate the outline of the vehicle.

**Convenience and Safety Modes**:

* Parking lamps: lamps used to indicate the presence and position of the vehicle when parked.
* Daytime running lamps: lamps used to increase the visibility of the vehicle during daylight hours.
* Exterior courtesy lamps: lamps used to provide additional lighting when entering or exiting the vehicle.
* Retro-reflectors: devices that reflect light back to its source, used to increase the visibility of the vehicle.

**Variable Luminous Intensity Control**:

* Certain lamps, such as rear direction-indicator lamps, rear position lamps, stop lamps, and rear fog lamps, are allowed to have variable luminous intensity control, which can respond to external influences such as ambient lighting, fog, snowfall, rain, spray, dust clouds, or contamination of the light-emitting surface.

These lighting modes are designed to provide improved safety, visibility, and convenience for drivers and other road users, and are subject to specific regulations and requirements governing their use."
Difference between passing beam and dipped beam?,"The difference between passing beam and dipped beam lies in their functionality, operation, and purpose. The passing beam, also referred to as Adaptive Front-lighting System (AFS), is an advanced system that automatically adjusts the beam pattern to provide better illumination of the road ahead, taking into account various factors such as speed, road conditions, and ambient light. It can switch between different modes depending on the driving conditions and may include features like bend lighting, where the beam is adjusted to follow the direction of the road.

On the other hand, the dipped beam is a lower beam of light used for normal driving conditions, providing a shorter and wider beam pattern compared to the main beam. It is typically used for urban driving, where the beam is directed downwards to reduce glare for oncoming traffic. The dipped beam may be adjusted automatically or manually, depending on the vehicle's system.

In essence, the main beam (driving beam) is used for long-distance illumination, while the dipped beam (passing beam) is used for shorter-distance illumination without causing glare to oncoming traffic. The passing beam is a more advanced, adaptive system that adjusts to suit various driving conditions, whereas the dipped beam is a more traditional, lower beam of light used for everyday driving."
Can an AFS be used as a passing beam?,"An AFS (Adaptive Front Lighting System) can be used as a passing beam, but with certain conditions and limitations. According to section 6.22.7.2, the dipped-beam may remain switched on at the same time as the main-beams, and the control for changing over to the dipped-beam shall switch off all main-beam headlamps or de-activate all AFS lighting units for the main-beam simultaneously, implying that the AFS can provide passing-beam lighting. Furthermore, section 6.22.7.4 specifies that the passing beam function of the AFS is divided into different classes (C, V, E, and W) and modes, each with its own set of activation conditions and requirements. For instance, the class C mode of the passing beam shall be activated if no mode of another passing-beam class is activated, while the class V mode shall not operate unless certain conditions such as road type and vehicle speed are met."
Can an AFS used as a main beam?,"Yes, an AFS (Adaptive Front-lighting System) can be used as a main beam. According to section 6.22.7.1.1, the lighting units for the main-beam, including AFS, can be activated either simultaneously or in pairs, allowing for the use of AFS as a main beam. Additionally, section 6.22.7.2. specifies that when changing over to the dipped-beam, all main-beam headlamps or AFS lighting units for the main-beam must be switched off or deactivated simultaneously, further supporting the use of AFS as a main beam."
Can an AFS used as an Both passing and dipped beam?,"Yes, an AFS (Adaptive Front-lighting System) can be used as both a passing beam (main beam) and a dipped beam simultaneously. According to section 6.22.7.1.4, the dipped-beams may remain switched ON at the same time as the main beams, and section 6.22.7.1.1 states that the lighting units for the main-beam may be activated either simultaneously or in pairs, which further supports this idea. Additionally, section 6.22.7.2 also implies that an AFS can be used for both passing and dipped beam functions, as the dipped-beam may remain switched on at the same time as the main-beams."
Does the intensity of the red color differ with respect to usage of lamp?,"According to the provided context, the intensity of the red color does not differ with respect to the usage of the lamp. The chromaticity coordinates (x,y) that define the ""red"" color are specified, but there is no mention of varying intensity of the red color depending on the lamp's usage. The context primarily focuses on other aspects of lamps, such as their position, visibility, electrical connections, and photometric characteristics, without mentioning any variation in the intensity of the red color based on lamp usage."
What are the types of alert signal?,"There are three types of alert signals mentioned in the provided context:

1. Emergency stop signal (Section 6.23), which is used to alert other vehicles of an emergency stop.
2. Rear-end collision alert signal (RECAS) (Section 2.33 and Section 6.25), which is an automatic signal given by the leading vehicle to the following vehicle, warning that the following vehicle needs to take emergency action to avoid a collision.
3. Hazard warning signal (Section 6.6), which is a signal given by simultaneous operation of the direction-indicator lamps, mandatory on all vehicles, to alert other road users of a potential hazard.

Note that the direction-indicator signal (Section 6.5) is not specifically referred to as an ""alert signal""."
For which light Visual alert signal is required?,"A visual alert signal is required for the hazard warning signal, the rear-end collision alert signal, and the direction-indicator lamps of categories 1, 1a, 1b, 2a, and 2b."
Does a light need to have a reflective surface?,"No, a light does not need to have a reflective surface. According to the provided context, there is no explicit requirement for a light to have a reflective surface. The context primarily focuses on the visibility, orientation, and positioning of lamps and retro-reflectors on vehicles, as well as the determination of light-emitting and illuminating surfaces, but it does not mention a specific requirement for a reflective surface. Additionally, the specifications and requirements for light-signalling devices, including their apparent surfaces, illuminating surfaces, and photometric characteristics, do not include a requirement for a reflective surface."
What are the different types of light mentioned?,"The different types of light mentioned are:

**Light Sources:**

1. Filament light source (filament lamp) - where the element for visible radiation is one or more heated filaments producing thermal radiation.
2. Gas-discharge light source - where the element for visible radiation is a discharge arc producing electro-luminescence/fluorescence.
3. Light-emitting diode (LED) light source - where the element for visible radiation is one or more solid state junctions producing injection-luminescence/fluorescence.

**Lighting Functions:**

1. Main-beam headlamps
2. Dipped-beam headlamps
3. Front-fog lamps
4. Reversing lamps
5. Front direction-indicators
6. Rear direction-indicators
7. Side direction-indicators
8. Hazard warning signal
9. Stop-lamps
10. Rear registration plate illuminating device
11. Front position lamps
12. Rear position lamps
13. Rear fog-lamps
14. Parking lamps
15. End-outline marker lamps
16. Rear retro-reflectors (non-triangular and triangular)
17. Front retro-reflectors (non-triangular)
18. Side retro-reflectors (non-triangular)
19. Side marker lamps
20. Daytime running lamps
21. Adaptive front lighting system (AFS)
22. Cornering lamps
23. Conspicuity markings (Rear, Side, Full contour, Partial contour, Line)
24. Emergency stop signal
25. Manoeuvring lamps
26. Exterior courtesy lamps
27. Equivalent lamps"
"What are the replaceable light source, Give example?","A replaceable light source is a light source that is designed to be inserted in and removed from the holder of its device without tool. An example of a replaceable light source is a light source module that includes a holder for an approved replaceable light source according to Regulation No. 37. This light source shall be replaceable as required, which means it can be correctly replaced without the need for expert assistance and without the need for special tools, other than those provided with the vehicle by the manufacturer."
For which light closed circuit tell tale is mandatory?,"A closed-circuit tell-tale is mandatory for the following lights:

1. Front fog lamps
2. Reversing lamp
3. Main-beam headlamps
4. Direction-indicator lamp
5. Rear fog-lamp
6. Rear position lamp
7. Hazard warning signal
8. Tell-tale for AFS (Adaptive Front-lighting System)

These lights require a circuit-closed tell-tale, as specified in their respective sections."
What are the angular requirements for the Main beam headlamps?,"The angular requirements for the Main beam headlamps are as follows:

* Horizontal angles: 15° to the left and 15° to the right.
* Vertical angles:
	+ Upward angle: 5°
	+ Downward angle:
		- 2° if the mounting height of the sensor is less than 1.5 m above the ground.
		- 2° to 5° if the mounting height of the sensor is between 1.5 m and 2.0 m above the ground.
		- 5° if the mounting height of the sensor is greater than 2.0 m above the ground.

These angles are measured from the centre of the sensor aperture relative to a horizontal straight line through its centre and parallel to the longitudinal median plane of the vehicle."
Is it possible to combine Main beam and Passing beam as a combined light?,"Based on the provided context, it appears that combining Main beam and Passing beam as a single light is not explicitly allowed or mentioned. While there is no specific information that explicitly prohibits combining them, the context emphasizes the distinction between Main beam and Passing beam, highlighting their separate functions and switching operations. The provisions in sections 6.1.7.4, 6.1.7.5, 6.22.7.1.1, and 6.2.7.1, as well as the requirement to switch off all main-beam headlamps simultaneously when changing over to the dipped-beam, suggest that they are distinct and separate lighting functions. Additionally, the separate controls and electrical connections for main beam and passing beam, as mentioned in sections 6.22.7.2, 6.22.7.3, and 5.12, further support the notion that they are intended to operate independently. Therefore, without further information, it cannot be concluded that combining Main beam and Passing beam as a combined light is allowed."
What are the conditions to switch main beam ON and OFF automatically?,"The conditions to switch the main beam ON and OFF automatically are as follows:

The main beam headlamps may be switched ON automatically only when:

* The master light switch is in the headlamps ON position or in the ""AUTO"" (automatic) position, and the conditions for automatic activation of dipped-beam exist.
* No vehicles, as mentioned in paragraph 6.1.7.1, are detected.
* The ambient lighting conditions, the light emitted by the front lighting devices and front light-signalling devices of oncoming vehicles, and the light emitted by the rear light-signalling devices of preceding vehicles are detected by a sensor system.

The main beam headlamps shall be switched off automatically when:

* The conditions for automatic activation of dipped-beam cease to exist.
* The control for changing over to the dipped beam is activated, which shall switch off all main-beam headlamps or de-activate all AFS lighting units for the main-beam simultaneously.

Additionally, the automatic operation of the AFS shall be performed without causing discomfort, distraction, or glare, neither for the driver nor for other road users."
What are the lights Prohibited on trailers?,"According to section 6.1.1, main-beam headlamps are prohibited on trailers."
What are the different types of Front fog lamps?,"There are two types of Front fog lamps: White Front fog lamps and Selective Yellow Front fog lamps. These types are classified based on the color of the light emitted by the lamps, with White Front fog lamps emitting white light and Selective Yellow Front fog lamps emitting selective yellow light."
Can a direction indicator lamp be used as a Hazard warning lamp?,"Yes, a direction indicator lamp can be used as a Hazard warning lamp. This is because the hazard warning signal is given by the simultaneous operation of the direction-indicator lamps, as specified in paragraph 6.6.1. This means that the same lamps used for direction indication can also be used to provide a hazard warning signal."
Which lamps need to indicate non flashing warning light in Tell-tale?,"The lamps that need to indicate a non-flashing warning light in Tell-tale are:

* Direction-indicator lamps
* Stop lamps
* Front fog lamps
* Front position lamps

These lamps require a non-flashing warning light in the Tell-tale to indicate their malfunction or activation."
Which lamps need to indicate flashing warning light in Tell-tale?,"According to the regulations, the lamps that need to indicate a flashing warning light in the Tell-tale are the direction-indicator lamps and the hazard warning signal. The direction-indicator lamps require a flashing warning light in the Tell-tale to indicate malfunction or failure, as specified in Section 6.5.8. Similarly, the hazard warning signal also requires a flashing circuit-closed tell-tale, as mandated in Section 6.6.8."
What is the condition for switching on the Reversing lamp?,The condition for switching on the Reversing lamp is that the lamp can light up only if the reverse gear is engaged and if the device which controls the starting and stopping of the engine is in such a position that operation of the engine is possible.
How many Direction indicator lamp need to fitted for a vehicle of length 9 37 meter?,"For a vehicle of length 9.37 meters, the minimum number of direction indicator lamps required is 6. This includes:

* 2 front direction-indicator lamps
* 2 rear direction-indicator lamps
* 2 side direction-indicator lamps (one on each side, either category 5 or 6)

However, if additional side direction-indicator lamps are fitted to meet the visibility requirements, the total number of lamps may be higher, up to a maximum of three optional category 5 or one optional category 6 device per side."
What is the minimum distance of side direction indicator from the rear part 38 of the vehicle?,"Unfortunately, there is no specific information provided about the minimum distance of the side direction indicator from the rear part of the vehicle. The provided sections (6.10.4.1 and 6.5.4.3) discuss the distance between the inner edges of the apparent surfaces and the forward boundary of the vehicle's overall length, respectively, but do not mention the minimum distance from the rear part of the vehicle. Therefore, it is not possible to provide a specific minimum distance in this case."
Explain the different categories of Direction indicator lamp with respect to 39 vehicle?,"The different categories of direction indicator lamps with respect to a 39 vehicle (M1 vehicle) are:

For front direction-indicator lamps:

* Category 1: If the distance between the edge of the apparent surface in the direction of the reference axis of this lamp and that of the apparent surface in the direction of the reference axis of the dipped-beam headlamp and/or the front fog lamp, if there is one, is at least 40 mm.
* Category 1a: If the distance between the edge of the apparent surface in the direction of the reference axis of this lamp and that of the apparent surface in the direction of the reference axis of the dipped-beam headlamp and/or the front fog lamp, if there is one, is greater than 20 mm and less than 40 mm.
* Category 1b: If the distance between the edge of the apparent surface in the direction of the reference axis of this lamp and that of the apparent surface in the direction of the reference axis of the dipped-beam headlamp and/or the front fog lamp, if there is one, is less than or equal to 20 mm.

For rear direction-indicator lamps:

* Category 2a or 2b: No specific requirements mentioned.

For side direction-indicator lamps:

* Category 5: This category is applicable to all M1 vehicles, including the 39 vehicle.

These categories are applicable to different types of vehicles, including M, M, N, N, O, O, and O, with varying requirements for the number and position of direction indicator lamps depending on the vehicle type and length. The arrangement of direction indicator lamps on a vehicle, such as Arrangement ""A"", also affects the requirements for the number and position of direction indicator lamps."
40 Explain the different categories of Stop lamp with respect to vehicle?,"The different categories of Stop lamps with respect to vehicles are S3 and S4 category devices. S3 and S4 category devices have an upward angle of 10° above and 5° below the horizontal (Section 6.7.6). Additionally, S4 category devices may produce variable luminous intensity independent from other lamps (Section 5.26)."
41 Does a stop lamp need to be illuminated when a Brake is applied?,"According to section 6.7.7.1, a stop lamp needs to be illuminated when the brake is applied, as it is required to light up simultaneously with the braking system providing the relevant signal defined in Regulations Nos. 13 and 13-H."
"Does a trailer with 1500mm wide, need to be fitted with a Front position 42 lamp?","According to the regulations, a trailer with a width of 1500mm does not need to be fitted with a Front position lamp. This is because the trailer's width is less than 1,600 mm, making the front position lamp optional (not mandatory) according to section 6.9.1. Additionally, since the trailer's width is less than 1.80m, it is not mandatory to fit a Front position lamp, as per section 6.13.1."
Can a Front position lamp be swivelled?,"According to section 6.9.9.2, a Front position lamp can be swivelled, but only under certain conditions. Specifically, it can be swivelled together with a lighting unit to which it is reciprocally incorporated, in cases where an Adaptive Front-lighting System (AFS) providing a bending mode is installed."
Can a rear fog lamp be switched ON by switching ON any other lamps?,"A rear fog lamp cannot be switched on simply by switching on any other lamp, except for the main beams, dipped-beams, or front fog-lamps. According to paragraph 6.11.7.1, the rear fog lamp(s) cannot be switched on unless one of these specific lamps is already lit. This means that switching on other lamps, such as parking lamps or side marker lamps, will not activate the rear fog lamp. However, there are additional exceptions mentioned in paragraphs 6.11.7.3 and 6.11.7.5, which may allow the rear fog lamp to be switched on under certain conditions."
Can we combine rear fog lamp and Stop lamp?,"Based on the provided information, it can be concluded that combining a rear fog lamp and a Stop lamp is not explicitly prohibited. However, the regulation in section 6.11.9 implies that they are intended to be separate lamps, as it specifies a minimum distance of 100 mm between them. This suggests that they should be designed and installed as distinct lamps, rather than being combined into a single unit. Therefore, while there is no explicit prohibition, it is likely that combining a rear fog lamp and a Stop lamp would not be in line with the intended design and safety requirements."
6.12. Parking Lamp (Pg.no 57),"According to section 6.12, a parking lamp is an optional feature on motor vehicles not exceeding 6 meters in length and 2 meters in width (6.12.1). However, it is prohibited on all other vehicles (6.12.1). The number of lamps is determined by the arrangement, which can be either two lamps at the front and two lamps at the rear, or one lamp on each side (6.12.2 and 6.12.3). 

The position of the lamp is such that the point on the apparent surface in the direction of the reference axis, which is farthest from the vehicle's median longitudinal plane, shall not be more than 400 mm from the extreme outer edge of the vehicle (6.12.4.1). If there are two lamps, they shall be on the sides of the vehicle (6.12.4.1). 

In terms of height, there is no special requirement for M and N category vehicles, but for all other categories of vehicles, the lamp shall be above the ground, not less than 350 mm nor more than 1,500 mm (2,100 mm if the shape of the bodywork makes it impossible to keep within 1,500 mm) (6.12.4.2). There is no special requirement for the length of the lamp (6.12.4.3). 

The geometric visibility of the lamp is such that the horizontal angle is 45° outwards, forwards, and rearwards, and the vertical angle is 15° above and below the horizontal (6.12.5). The orientation of the lamp is such that it meets the requirements for visibility forwards and rearwards (6.12.6). 

The electrical connections of the lamp shall allow the parking lamp(s) on the same side of the vehicle to be lit independently of any other lamps (6.12.7). A circuit-closed tell-tale is optional, but if there is one, it shall not be possible to confuse it with the tell-tale for the front and rear position lamps (6.12.8). 

Finally, the functioning of this lamp may also be performed by simultaneously switching on the front and rear position lamps on the same side of the vehicle (6.12.9)."
Whats the difference between Grouped and Combined lamps?,"The difference between Grouped and Combined lamps lies in the number of light sources they have. Grouped lamps are devices that have separate apparent surfaces in the direction of the reference axis, separate light sources, but a common lamp body. On the other hand, Combined lamps are devices that have separate apparent surfaces in the direction of the reference axis, but a common light source and a common lamp body. In other words, Grouped lamps have multiple light sources, while Combined lamps share a single light source."
Can dipped-beam headlamp and main-beam headlamp for front lighting system?,"The answer to the question is that it is allowed to have both dipped-beam headlamps and main-beam headlamps for the front lighting system, but they cannot be used simultaneously. According to section 6.2.7.1, the control for changing over to the dipped-beam shall switch off all main-beam headlamps simultaneously, implying that they are two separate entities that can be switched between. However, section 6.2.7.2 states that the dipped-beam may remain switched on at the same time as the main beams, which suggests that it is possible to have both types of headlamps, but they would need to be switched between, not used at the same time."
what is color of End Outline marker lamp?,"The color of the End Outline marker lamp is White in front and Red at the rear, as specified in section 5.15."
Can yellow lamp used as front fog lamp?,"According to section 5.15, a yellow lamp can be used as a front fog lamp, as selective yellow is one of the allowed colors for front fog lamps."
Can red color light placed in the front of the vehicle?,"According to the provided information, a red color light cannot be placed in the front of a vehicle, with the exception of a red rearmost side-marker lamp. This is explicitly stated in section 5.10.1, which prohibits the direct visibility of a red lamp towards the front of a vehicle, except for a red rearmost side-marker lamp. Additionally, section 6.9.1 specifies that the front position lamp shall emit white light, further supporting the notion that red color light is not intended for use in the front of the vehicle."
Can white light can be placed at the back of the vehicle?,"No, white light cannot be placed at the back of the vehicle. According to section 5.10.2, there should be no direct visibility of the apparent surface of a white lamp if viewed by an observer moving within Zone 2 in a transverse plane situated 25 m behind the vehicle. Additionally, section 9 states that Conspicuity marking should be red or yellow to the rear, implying that white light is not allowed at the rear of the vehicle. Furthermore, section 6.13.5 requires a horizontal angle of 80° outwards and a vertical angle of 5° above and 20° below the horizontal for the geometric visibility of the end-outline marker lamp, suggesting that the lamp should be facing sideways or rearwards, but not directly backwards. Finally, section 6.14.4.1 specifies that the rear retro-reflector should be positioned on the side or corner of the vehicle, rather than directly at the back."
"What are 1,1,a,1b,2a,2b,5,6 in direction indicator lamps?","In direction indicator lamps, the numbers 1, 1a, 1b, 2a, 2b, 5, and 6 refer to categories of direction-indicator lamps. Specifically, categories 1, 1a, and 1b are for front direction-indicator lamps, categories 2a and 2b are for rear direction-indicator lamps, and categories 5 and 6 are for side direction-indicator lamps. These categories define the arrangement and requirements for direction-indicator lamps on vehicles."
is cornering lamp mandatory?,"According to section 6.20.1, the presence of a cornering lamp is optional on motor vehicles. Therefore, the answer is no, the cornering lamp is not mandatory."
does reflective tape come under light and light signalling?,"Based on the provided information, reflective tape or conspicuity markings do not explicitly come under ""light and light signalling"" in the context of this regulation. Although retro-reflectors, which include reflective tape, are considered a type of light-signalling device, the context treats conspicuity markings, including reflective tape, as a separate category with their own set of regulations and requirements. This is evident from sections 6.21.1.2.5, 6.21.1.3, 6.21.4, and 9.24, which focus on conspicuity markings, and section 9, which focuses on lighting and light-signalling devices."
standard weight of a person for testing?,"According to paragraph 1 of Annex 5, the standard weight of a person for testing is 75 kg."
can dipped beam uses as a main beam?,"Based on the provided context, a dipped beam cannot be used as a main beam. The regulations and requirements for dipped-beam headlamps and main-beam headlamps are separate and distinct, with specific controls and switching requirements for each (section 6.2.7.1 and 6.1.7.4). While a dipped beam may remain switched on at the same time as the main beams (section 6.2.7.2), there is no indication that a dipped beam can fulfill the function of a main beam. The two types of beams have different purposes and are not interchangeable."
what are the light functions to be kept rear of the vehicle?,"The light functions to be kept at the rear of the vehicle are:

* Rear position lamp (Section 6.10)
* Rear fog lamp (Section 6.11)
* Rear retro-reflector, non-triangular (Section 6.14)
* Rear end-outline marker lamp (Section 6.13)
* Parking lamp (Section 6.12)
* Rear light-signalling devices (Section 6.1.7.3)
* Direction-indicator lamp (Section 6.10.7)

These light functions are mandatory or optional depending on the type of vehicle, its width, and its length, as specified in the relevant regulations and sections."
What lamp should be fitted for passenger vehicles?,"Based on the provided context, it cannot be determined what specific lamp should be fitted for passenger vehicles. The context provides information about various lamps, such as parking lamps, end-outline marker lamps, rear fog-lamps, and daytime running lamps, but it does not specify which lamps are mandatory for passenger vehicles.

However, it can be inferred that the specific lamp requirements may vary depending on the type of vehicle, its width, and other factors. For instance, end-outline marker lamps are mandatory for vehicles exceeding 2.10 m in width (Section 6.13.1), and parking lamps are optional for motor vehicles not exceeding 6 m in length and not exceeding 2 m in width (Section 6.12.1).

To determine the specific lamp requirements for passenger vehicles, it is recommended to consult the relevant regulations and standards for passenger vehicles."
